{
    "cake_to_frosting_beginning": [
        [
            -1.4420111815081995,
            -1.5226148080876847,
            -1.5858012437820435,
            -1.6242228947081507,
            1.482323169708252,
            0.5009558200836182
        ],
        [
            -1.4419754187213343,
            -1.5227349449745198,
            -1.5857940912246704,
            -1.6240807972350062,
            1.4812580347061157,
            0.501048743724823
        ],
        [
            -1.766646687184469,
            -1.6670943699278773,
            -1.5858817100524902,
            -1.4468138974956055,
            1.0084643363952637,
            0.6297382116317749
        ],
        [
            -2.2245739142047327,
            -1.900036951104635,
            -1.8650999069213867,
            -1.4721055787852784,
            0.3397296071052551,
            1.2496733665466309
        ],
        [
            -2.2754371801959437,
            -1.900264402429098,
            -2.2137746810913086,
            -1.5769993267455042,
            -0.08803302446474248,
            1.7492454051971436
        ],
        [
            -2.7862609068499964,
            -1.9004794559874476,
            -2.210392713546753,
            -2.273914476434225,
            -1.2190359274493616,
            2.6887619495391846
        ],
        [
            -2.858624283467428,
            -1.9000803432860316,
            -2.1921870708465576,
            -2.275074621240133,
            -1.3042038122760218,
            2.983278274536133
        ]
    ],
    "frosting_end_to_cake": [
        [
            -2.1941803137408655,
            -1.936453481713766,
            -2.214465618133545,
            -2.113244195977682,
            -0.5773227850543421,
            3.137678384780884
        ],
        [
            -2.1942036787616175,
            -1.936453481713766,
            -2.214416980743408,
            -2.114244123498434,
            -0.5772398153888147,
            3.1375997066497803
        ],
        [
            -2.0929258505450647,
            -1.9346310100951136,
            -1.9246129989624023,
            -2.313470502892965,
            -0.5656045118915003,
            3.123340606689453
        ],
        [
            -1.556906525288717,
            -1.8412910900511683,
            -1.519598364830017,
            -2.3595010242857875,
            0.3532346487045288,
            2.776127576828003
        ],
        [
            -1.4419906775103968,
            -1.7352267704405726,
            -1.4373124837875366,
            -1.8915759525694789,
            1.0192792415618896,
            1.752023458480835
        ],
        [
            -1.4385650793658655,
            -1.6565424404540003,
            -1.4373445510864258,
            -1.740276952783102,
            1.3832001686096191,
            0.9679469466209412
        ],
        [
            -1.4389179388629358,
            -1.6566111050047816,
            -1.4373648166656494,
            -1.7339498005309046,
            1.5110034942626953,
            0.6041533946990967
        ],
        [
            -1.4404738585101526,
            -1.6566535435118617,
            -1.4373927116394043,
            -1.733926912347311,
            1.5108025074005127,
            0.6042167544364929
        ]
    ],
    "home_to_cake": [
        [
            1.118183081416646e-05,
            -1.5707907127192193,
            -1.2874603271484375e-05,
            -1.5708195171751917,
            -5.070363179981996e-06,
            2.384185791015625e-06
        ],
        [
            -0.001038853322164357,
            -1.570762170915561,
            -0.00022495984740089625,
            -1.5708161793150843,
            7.0593355303572025e-06,
            -2.175966371709137e-05
        ],
        [
            -0.2751854101764124,
            -1.571313043633932,
            -0.025781456381082535,
            -1.6933156452574671,
            0.17110547423362732,
            -4.560152162724762e-05
        ],
        [
            -0.7717278639422815,
            -1.571573873559469,
            -0.6103603839874268,
            -1.786537309686178,
            0.5641223192214966,
            -6.086031068974762e-05
        ],
        [
            -1.0906866232501429,
            -1.5889831982054652,
            -0.9582276344299316,
            -1.8402983150877894,
            0.8741438388824463,
            -6.086031068974762e-05
        ],
        [
            -1.3232553640948694,
            -1.5899692974486292,
            -1.3369227647781372,
            -1.6751867733397425,
            1.2564730644226074,
            -6.41981707971695e-05
        ],
        [
            -1.5311597029315394,
            -1.5888515911498011,
            -1.5200650691986084,
            -1.6756350002684535,
            1.59323251247406,
            -7.325807680302887e-05
        ],
        [
            -1.5310757795916956,
            -1.5867978535094203,
            -1.5198674201965332,
            -1.6177245579161585,
            1.6672046184539795,
            -7.325807680302887e-05
        ]
    ],
    "cake_v_to_cake_h": [
        [
            -1.5030253569232386,
            -1.7411934338011683,
            -1.3623534440994263,
            -1.6582995853819789,
            1.5274450778961182,
            0.653472363948822
        ],
        [
            -1.5024731794940394,
            -1.741082330743307,
            -1.362256407737732,
            -1.65832581142568,
            1.5265169143676758,
            0.6535253524780273
        ],
        [
            -1.2862351576434534,
            -1.7411729298033656,
            -1.3622512817382812,
            -1.6621061764159144,
            1.054633378982544,
            0.7764487862586975
        ],
        [
            -1.0044921080218714,
            -1.8571588001646937,
            -1.362528920173645,
            -2.2477079830565394,
            0.7454730272293091,
            1.3661079406738281
        ],
        [
            -0.8011224905597132,
            -1.99509920696401,
            -1.614646315574646,
            -2.4033309421935023,
            0.8838210701942444,
            1.9755430221557617
        ],
        [
            -0.6968010107623499,
            -2.1721846065916957,
            -1.669304370880127,
            -2.2948442898192347,
            0.9919041991233826,
            2.2074766159057617
        ],
        [
            -0.5803101698504847,
            -2.1724497280516566,
            -1.8911529779434204,
            -2.135437150994772,
            0.9873864650726318,
            2.272597551345825
        ],
        [
            -0.580414120350973,
            -2.1723624668517054,
            -1.89243745803833,
            -2.1356359920897425,
            0.9873188138008118,
            2.272388458251953
        ]
    ],